"address","categories/0","categories/1","categories/2","categories/3","categories/4","categories/5","categories/6","categories/7","categories/8","categories/9","categoryName","cid","city","countryCode","isAdvertisement","locatedIn","location/lat","location/lng","menu","neighborhood","permanentlyClosed","phone","placeId","plusCode","postalCode","price","rank","reviewsCount","reviewsDistribution/fiveStar","reviewsDistribution/fourStar","reviewsDistribution/oneStar","reviewsDistribution/threeStar","reviewsDistribution/twoStar","scrapedAt","searchPageUrl","searchString","state","street","subTitle","temporarilyClosed","title","totalScore","url","website"
"1200 W Washington St, Indianapolis, IN 46222","Tourist attraction","Aquarium","Event venue","Zoo","Wedding venue",,,,,,"Zoo","2029097250141254763","Indianapolis","US","false",,"39.7675746","-86.1796262",,"1200 W Washington St","false","(317) 630-2001","ChIJK1-_KkxXa4gRazRkyTLNKBw","QR9C+24 Indianapolis, Indiana","46222",,"1","16737","11621","3421","354","1040","301","2022-10-18T03:57:32.963Z","https://www.google.com/maps/search/tourist%20attractions%20in%20indianapolis?hl=en","tourist attractions in indianapolis","Indiana","1200 W Washington St",,"false","Indianapolis Zoo","4.5","https://www.google.com/maps/place/Indianapolis+Zoo/@39.7675746,-86.1796262,17z/data=!3m1!4b1!4m5!3m4!1s0x886b574c2abf5f2b:0x1c28cd32c964346b!8m2!3d39.7675746!4d-86.1796262?hl=en","http://www.indianapoliszoo.com/"
"801 W Washington St, Indianapolis, IN 46204","Tourist attraction","Event venue","State park",,,,,,,,"State park","11216188692058629079","Indianapolis","US","false",,"39.7665464","-86.1707858",,"801 W Washington St","false","(317) 233-2434","ChIJZ4y_MrJQa4gR12PogzDop5s","QR8H+JM Indianapolis, Indiana","46204",,"2","4465","3492","778","32","144","19","2022-10-18T03:57:35.289Z","https://www.google.com/maps/search/tourist%20attractions%20in%20indianapolis?hl=en","tourist attractions in indianapolis","Indiana","801 W Washington St",,"false","White River State Park","4.7","https://www.google.com/maps/place/White+River+State+Park/@39.7665464,-86.1707858,17z/data=!3m1!4b1!4m5!3m4!1s0x886b50b232bf8c67:0x9ba7e83083e863d7!8m2!3d39.7665464!4d-86.1707858?hl=en","https://www.whiteriverstatepark.org/"
"448 Massachusetts Ave, Indianapolis, IN 46204","Tourist attraction",,,,,,,,,,"Tourist attraction","7600685275847326566","Indianapolis","US","false",,"39.7738325","-86.1509939",,"448 Massachusetts Ave","false",,"ChIJUUp3Ca1Ra4gRZvtr_PwOe2k","QRFX+GJ Indianapolis, Indiana","46204",,"88","0","0","0","0","0","0","2022-10-18T03:58:39.916Z","https://www.google.com/maps/search/tourist+attractions+in+indianapolis/@39.8040514,-86.2223063,12z/data=!4m2!2m1!6e1?hl=en","tourist attractions in indianapolis","Indiana","448 Massachusetts Ave",,"true","Mari Evans mural by ALKEMI",,"https://www.google.com/maps/place/Mari+Evans+mural+by+ALKEMI/@39.7738325,-86.1509939,17z/data=!3m1!4b1!4m5!3m4!1s0x886b51ad09774a51:0x697b0efcfc6bfb66!8m2!3d39.7738325!4d-86.1509939?hl=en",
"1200 W Washington St, Indianapolis, IN 46222","Tourist attraction","Event venue","Garden","Botanical garden","Wedding venue",,,,,,"Botanical garden","13185495446165774531","Indianapolis","US","false","Indianapolis Zoo","39.7662089","-86.1757897",,"1200 W Washington St","false","(317) 630-2001","ChIJK1-_KkxXa4gRw-A9oD9K_LY","QR8F+FM Indianapolis, Indiana","46222",,"87","870","678","143","5","36","8","2022-10-18T03:58:52.473Z","https://www.google.com/maps/search/tourist+attractions+in+indianapolis/@39.8040514,-86.2223063,12z/data=!4m2!2m1!6e1?hl=en","tourist attractions in indianapolis","Indiana","1200 W Washington St",,"true","White River Gardens","4.7","https://www.google.com/maps/place/White+River+Gardens/@39.7662089,-86.1757897,17z/data=!3m1!4b1!4m5!3m4!1s0x886b574c2abf5f2b:0xb6fc4a3fa03de0c3!8m2!3d39.7662089!4d-86.1757897?hl=en","https://www.indianapoliszoo.com/white-river-gardens/"
"640 N Capitol Ave, Indianapolis, IN 46204","Tourist attraction",,,,,,,,,,"Tourist attraction","13630838074338517821","Indianapolis","US","false",,"39.7768505","-86.1621123",,"640 N Capitol Ave","false",,"ChIJhyEd3XRRa4gRPSPRYwJ3Kr0","QRGQ+P5 Indianapolis, Indiana","46204",,"86","0","0","0","0","0","0","2022-10-18T03:59:02.713Z","https://www.google.com/maps/search/tourist+attractions+in+indianapolis/@39.8040514,-86.2223063,12z/data=!4m2!2m1!6e1?hl=en","tourist attractions in indianapolis","Indiana","640 N Capitol Ave",,"true","Caulander lights",,"https://www.google.com/maps/place/Caulander+lights/@39.7768505,-86.1621123,17z/data=!3m1!4b1!4m5!3m4!1s0x886b5174dd1d2187:0xbd2a770263d1233d!8m2!3d39.7768505!4d-86.1621123?hl=en",
"E 10th St, Indianapolis, IN 46201","Tourist attraction","Museum",,,,,,,,,"Museum","11284579817946935661","Indianapolis","US","false",,"39.7812618","-86.1152502",,"E 10th St","false","(239) 293-2148","ChIJ44TKlUdQa4gRbfFEYI7hmpw","QVJM+GV Indianapolis, Indiana","46201",,"85","10","8","1","0","0","1","2022-10-18T03:59:15.396Z","https://www.google.com/maps/search/tourist+attractions+in+indianapolis/@39.8040514,-86.2223063,12z/data=!4m2!2m1!6e1?hl=en","tourist attractions in indianapolis","Indiana","E 10th St",,"true","Indy's Teeny Statue Of Liberty Museum","4.6","https://www.google.com/maps/place/Indy's+Teeny+Statue+Of+Liberty+Museum/@39.7812618,-86.1152502,17z/data=!3m1!4b1!4m5!3m4!1s0x886b504795ca84e3:0x9c9ae18e6044f16d!8m2!3d39.7812571!4d-86.1152501?hl=en",
"13400 Allisonville Rd, Fishers, IN 46038","Tourist attraction",,,,,,,,,,"Tourist attraction","5551236399579951549","Fishers","US","false",,"39.9845164","-86.0287783",,"13400 Allisonville Rd","false","(317) 776-6006","ChIJaQBzDu-zFIgRvXEu_Rf0CU0","XXMC+RF Fishers, Indiana","46038",,"84","2","2","0","0","0","0","2022-10-18T03:59:26.297Z","https://www.google.com/maps/search/tourist+attractions+in+indianapolis/@39.8040514,-86.2223063,12z/data=!4m2!2m1!6e1?hl=en","tourist attractions in indianapolis","Indiana","13400 Allisonville Rd",,"false","Gingerbread Village","5","https://www.google.com/maps/place/Gingerbread+Village/@39.9845164,-86.0287783,17z/data=!3m1!4b1!4m5!3m4!1s0x8814b3ef0e730069:0x4d09f417fd2e71bd!8m2!3d39.9846402!4d-86.0284232?hl=en","http://www.connerprairie.org/"
"125 Monument Cir, Indianapolis, IN 46204","Tourist attraction","Episcopal church",,,,,,,,,"Episcopal church","458085810917702804","Indianapolis","US","false",,"39.7693028","-86.1577278",,"125 Monument Cir","false","(317) 636-4577","ChIJgQv3hL5Qa4gRlHxlNJ5yWwY","QR9R+PW Indianapolis, Indiana","46204",,"83","211","161","27","20","3","0","2022-10-18T03:59:38.276Z","https://www.google.com/maps/search/tourist+attractions+in+indianapolis/@39.8040514,-86.2223063,12z/data=!4m2!2m1!6e1?hl=en","tourist attractions in indianapolis","Indiana","125 Monument Cir",,"false","Christ Church Cathedral","4.5","https://www.google.com/maps/place/Christ+Church+Cathedral/@39.7693028,-86.1577278,17z/data=!3m1!4b1!4m5!3m4!1s0x886b50be84f70b81:0x65b729e34657c94!8m2!3d39.7693028!4d-86.1577278?hl=en","http://www.cccindy.org/"
"201 Chapin St, South Bend, IN 46601","Tourist attraction","National museum","Non-profit organization","Museum",,,,,,,"Museum","18421682842868723730","South Bend","US","false",,"41.6748016","-86.2621037",,"201 Chapin St","false","(574) 235-9714","ChIJEYK3qM4yEYgREjAZfvH2pv8","MPFQ+W5 South Bend, Indiana","46601",,"82","1224","1002","186","8","23","5","2022-10-18T03:59:50.474Z","https://www.google.com/maps/search/tourist+attractions+in+indianapolis/@39.8040514,-86.2223063,12z/data=!4m2!2m1!6e1?hl=en","tourist attractions in indianapolis","Indiana","201 Chapin St",,"false","Studebaker National Museum","4.8","https://www.google.com/maps/place/Studebaker+National+Museum/@41.6748016,-86.2621037,17z/data=!3m1!4b1!4m5!3m4!1s0x881132cea8b78211:0xffa6f6f17e193012!8m2!3d41.6748016!4d-86.2621037?hl=en","http://www.studebakermuseum.org/"
"222 E Market St, Indianapolis, IN 46204","Market","Bar","Barber shop","Bicycle Shop","Candle store","Clothing store","Coffee shop","Florist","Restaurant",,"Market","2590056814221866215","Indianapolis","US","false",,"39.7685789","-86.1534699",,"222 E Market St","false",,"ChIJt7mWA5ZQa4gR5zTGJ_O68SM","QR9W+CJ Indianapolis, Indiana","46204","$$","81","2747","1657","689","86","239","76","2022-10-18T04:00:03.216Z","https://www.google.com/maps/search/tourist+attractions+in+indianapolis/@39.8040514,-86.2223063,12z/data=!4m2!2m1!6e1?hl=en","tourist attractions in indianapolis","Indiana","222 E Market St",,"false","Indianapolis City Market","4.4","https://www.google.com/maps/place/Indianapolis+City+Market/@39.7685789,-86.1534699,17z/data=!3m1!4b1!4m5!3m4!1s0x886b50960396b9b7:0x23f1baf327c634e7!8m2!3d39.7685789!4d-86.1534699?hl=en","http://www.indycm.com/"
"6800 E Fall Creek Pkwy N Dr, Indianapolis, IN 46226","Tourist attraction","Nature preserve",,,,,,,,,"Nature preserve","724851379758546836","Indianapolis","US","false",,"39.8627609","-86.0512693",,"6800 E Fall Creek Pkwy N Dr","false","(317) 327-2473","ChIJI8R9lq1Na4gRlL91TX0wDwo","VW7X+4F Indianapolis, Indiana","46226",,"80","10","3","5","0","2","0","2022-10-18T04:00:15.290Z","https://www.google.com/maps/search/tourist+attractions+in+indianapolis/@39.8040514,-86.2223063,12z/data=!4m2!2m1!6e1?hl=en","tourist attractions in indianapolis","Indiana","6800 E Fall Creek Pkwy N Dr",,"false","Woollen’s Garden","4.1","https://www.google.com/maps/place/Woollen%E2%80%99s+Garden/@39.8627609,-86.0512693,17z/data=!3m1!4b1!4m5!3m4!1s0x886b4dad967dc423:0xa0f307d4d75bf94!8m2!3d39.8627609!4d-86.0512693?hl=en","http://funfinder.indy.gov/#/details/71"
"501 W Maryland St, Indianapolis, IN 46225","Stadium","Baseball field",,,,,,,,,"Stadium","18301462664530290343","Indianapolis","US","false",,"39.7647442","-86.1686743",,"501 W Maryland St","false","(317) 269-3545","ChIJ05Oc77FQa4gRp-Zm_VPb-_0","QR7J+VG Indianapolis, Indiana","46225",,"79","4526","3776","614","23","90","23","2022-10-18T04:00:27.806Z","https://www.google.com/maps/search/tourist+attractions+in+indianapolis/@39.8040514,-86.2223063,12z/data=!4m2!2m1!6e1?hl=en","tourist attractions in indianapolis","Indiana","501 W Maryland St",,"false","Victory Field","4.8","https://www.google.com/maps/place/Victory+Field/@39.7647442,-86.1686743,17z/data=!3m1!4b1!4m5!3m4!1s0x886b50b1ef9c93d3:0xfdfbdb53fd66e6a7!8m2!3d39.7647442!4d-86.1686743?hl=en","http://www.indyindians.com/"
"850 W Stop 18 Rd, Greenwood, IN 46143","Tourist attraction","Park","Water park",,,,,,,,"Water park","16513613580308288339","Greenwood","US","false",,"39.5948175","-86.1273327",,"850 W Stop 18 Rd","false","(317) 884-2078","ChIJ2U5nrntda4gRU5NX9A4kLOU","HVVF+W3 Greenwood, Indiana","46143",,"78","1245","829","240","46","94","36","2022-10-18T04:00:39.707Z","https://www.google.com/maps/search/tourist+attractions+in+indianapolis/@39.8040514,-86.2223063,12z/data=!4m2!2m1!6e1?hl=en","tourist attractions in indianapolis","Indiana","850 W Stop 18 Rd",,"false","Freedom Springs Greenwood Aquatics Park","4.4","https://www.google.com/maps/place/Freedom+Springs+Greenwood+Aquatics+Park/@39.5948175,-86.1273327,17z/data=!3m1!4b1!4m5!3m4!1s0x886b5d7bae674ed9:0xe52c240ef4579353!8m2!3d39.5948175!4d-86.1273327?hl=en","http://www.greenwood.in.gov/freedomsprings"
"400 East State Rd 64, Marengo, IN 47140","Tourist attraction","Park",,,,,,,,,"Tourist attraction","4300987776481778316","Marengo","US","false",,"38.3729416","-86.3378788",,"400 East State Rd 64","false","(812) 365-2705","ChIJFSvwMn2xbogRjFp-WJgtsDs","9MF6+5R Marengo, Indiana","47140",,"77","1500","1197","244","16","34","9","2022-10-18T04:00:52.099Z","https://www.google.com/maps/search/tourist+attractions+in+indianapolis/@39.8040514,-86.2223063,12z/data=!4m2!2m1!6e1?hl=en","tourist attractions in indianapolis","Indiana","400 East State Rd 64",,"false","Marengo Cave U.S. National Landmark","4.7","https://www.google.com/maps/place/Marengo+Cave+U.S.+National+Landmark/@38.3729416,-86.3378788,17z/data=!3m1!4b1!4m5!3m4!1s0x886eb17d32f02b15:0x3bb02d98587e5a8c!8m2!3d38.3729416!4d-86.3378788?hl=en","http://www.marengocave.com/"
"235 S Meridian St #211, Indianapolis, IN 46225","Event venue","Recreation center",,,,,,,,,"Event venue","7688282581772661615","Indianapolis","US","false",,"39.7633316","-86.1580671",,"235 S Meridian St #211","false","(844) 818-0999","ChIJL-sCLKNQa4gRb_NhG0ZEsmo","QR7R+8Q Indianapolis, Indiana","46225",,"76","1705","1574","88","13","21","9","2022-10-18T04:01:03.497Z","https://www.google.com/maps/search/tourist+attractions+in+indianapolis/@39.8040514,-86.2223063,12z/data=!4m2!2m1!6e1?hl=en","tourist attractions in indianapolis","Indiana","235 S Meridian St #211",,"false","Bad Axe Throwing Indianapolis","4.9","https://www.google.com/maps/place/Bad+Axe+Throwing+Indianapolis/@39.7633316,-86.1580671,17z/data=!3m1!4b1!4m5!3m4!1s0x886b50a32c02eb2f:0x6ab244461b61f36f!8m2!3d39.7633093!4d-86.1580743?hl=en","https://badaxethrowing.com/locations/axe-throwing-indianapolis/"
"1422 Astor St, Indianapolis, IN 46222","Park",,,,,,,,,,"Park","14774265481520087504","Indianapolis","US","false",,"39.770473","-86.185491",,"1422 Astor St","false","(317) 233-2434","ChIJI0-XovZXa4gR0AFSky28CM0","QRC7+5R Indianapolis, Indiana","46222",,"75","13","12","1","0","0","0","2022-10-18T04:01:15.366Z","https://www.google.com/maps/search/tourist+attractions+in+indianapolis/@39.8040514,-86.2223063,12z/data=!4m2!2m1!6e1?hl=en","tourist attractions in indianapolis","Indiana","1422 Astor St",,"false","White River Scenic Viewpoint","4.9","https://www.google.com/maps/place/White+River+Scenic+Viewpoint/@39.770473,-86.185491,17z/data=!3m1!4b1!4m5!3m4!1s0x886b57f6a2974f23:0xcd08bc2d935201d0!8m2!3d39.770473!4d-86.185491?hl=en","https://www.whiteriverstatepark.org/"
"12295 Chiseled Stone Dr, Fishers, IN 46037","Tourist attraction",,,,,,,,,,"Tourist attraction","16617645673004221873","Fishers","US","false",,"39.967069","-85.9464821",,"12295 Chiseled Stone Dr","false","(317) 800-0645","ChIJE3HgO7G1FIgRsUW5DrK8neY","X383+RC Fishers, Indiana","46037",,"74","0","0","0","0","0","0","2022-10-18T04:01:27.003Z","https://www.google.com/maps/search/tourist+attractions+in+indianapolis/@39.8040514,-86.2223063,12z/data=!4m2!2m1!6e1?hl=en","tourist attractions in indianapolis","Indiana","12295 Chiseled Stone Dr",,"false","INdy ConneXion",,"https://www.google.com/maps/place/INdy+ConneXion/@39.967069,-85.9464821,17z/data=!3m1!4b1!4m5!3m4!1s0x8814b5b13be07113:0xe69dbcb20eb945b1!8m2!3d39.967069!4d-85.9464821?hl=en","https://indyconnexion.com/"
"126 W Georgia St, Indianapolis, IN 46225","Tourist attraction","Catholic church",,,,,,,,,"Catholic church","4919439334644198444","Indianapolis","US","false",,"39.7648686","-86.1616275",,"126 W Georgia St","false","(317) 635-2021","ChIJq8TOOLtQa4gRLCyNswJcRUQ","QR7Q+W8 Indianapolis, Indiana","46225",,"73","398","343","36","8","7","4","2022-10-18T04:01:39.981Z","https://www.google.com/maps/search/tourist+attractions+in+indianapolis/@39.8040514,-86.2223063,12z/data=!4m2!2m1!6e1?hl=en","tourist attractions in indianapolis","Indiana","126 W Georgia St",,"false","Saint John the Evangelist","4.8","https://www.google.com/maps/place/Saint+John+the+Evangelist/@39.7648686,-86.1616275,17z/data=!3m1!4b1!4m5!3m4!1s0x886b50bb38cec4ab:0x44455c02b38d2c2c!8m2!3d39.7648681!4d-86.1616241?hl=en","http://www.stjohnsindy.org/"
"342-332 N Park Ave, Indianapolis, IN 46202","Historical place",,,,,,,,,,"Historical place","11483640729832100143","Indianapolis","US","false",,"39.7724126","-86.1471989",,"342-332 N Park Ave","false",,"ChIJASB4IJNQa4gRL5HZnWYWXp8","QVC3+X4 Indianapolis, Indiana","46202",,"72","3","1","2","0","0","0","2022-10-18T04:01:51.728Z","https://www.google.com/maps/search/tourist+attractions+in+indianapolis/@39.8040514,-86.2223063,12z/data=!4m2!2m1!6e1?hl=en","tourist attractions in indianapolis","Indiana","342-332 N Park Ave",,"false","Lockerbie Square Historic District","4.3","https://www.google.com/maps/place/Lockerbie+Square+Historic+District/@39.7724126,-86.1471989,17z/data=!3m1!4b1!4m5!3m4!1s0x886b509320782001:0x9f5e16669dd9912f!8m2!3d39.7724125!4d-86.1471946?hl=en",
"700 38th St, Indianapolis, IN 46208","Funeral home","Cemetery","Cremation service","Memorial park","Tourist attraction",,,,,,"Funeral home","8064906672494719840","Indianapolis","US","false",,"39.825539","-86.172127",,"700 38th St","false","(317) 925-3800","ChIJ9bpa90xRa4gRYLO5kONN7G8","RRGH+64 Indianapolis, Indiana","46208",,"71","132","103","10","15","0","4","2022-10-18T04:02:03.869Z","https://www.google.com/maps/search/tourist+attractions+in+indianapolis/@39.8040514,-86.2223063,12z/data=!4m2!2m1!6e1?hl=en","tourist attractions in indianapolis","Indiana","700 38th St",,"false","Crown Hill Funeral Home and Cemetery","4.4","https://www.google.com/maps/place/Crown+Hill+Funeral+Home+and+Cemetery/@39.825539,-86.172127,17z/data=!3m1!4b1!4m5!3m4!1s0x886b514cf75abaf5:0x6fec4de390b9b360!8m2!3d39.825539!4d-86.172127?hl=en","http://www.crownhill.org/"
"601 W 1st St, Madison, IN 47250","Tourist attraction","Historical landmark","Historical place museum","Museum",,,,,,,"Museum","2378549634993781250","Madison","US","false",,"38.7355288","-85.387179",,"601 W 1st St","false","(812) 265-3526","ChIJ08kjDC47aogRAnpwekpOAiE","PJP7+64 Madison, Indiana","47250",,"70","327","260","57","1","8","1","2022-10-18T04:02:21.878Z","https://www.google.com/maps/search/tourist+attractions+in+indianapolis/@39.8040514,-86.2223063,12z/data=!4m2!2m1!6e1?hl=en","tourist attractions in indianapolis","Indiana","601 W 1st St",,"false","Lanier Mansion State Historic Site","4.8","https://www.google.com/maps/place/Lanier+Mansion+State+Historic+Site/@38.7355288,-85.387179,17z/data=!3m1!4b1!4m5!3m4!1s0x886a3b2e0c23c9d3:0x21024e4a7a707a02!8m2!3d38.7356082!4d-85.3867996?hl=en","http://www.indianamuseum.org/lanier-mansion"
"1739 W Edgewood Ave, Indianapolis, IN 46217","Tourist attraction",,,,,,,,,,"Tourist attraction","5992152790146800163","Indianapolis","US","false",,"39.6774745","-86.1926966",,"1739 W Edgewood Ave","false",,"ChIJq84dINhZa4gRI9qQADdnKFM","MRG4+XW Indianapolis, Indiana","46217",,"69","0","0","0","0","0","0","2022-10-18T04:02:33.563Z","https://www.google.com/maps/search/tourist+attractions+in+indianapolis/@39.8040514,-86.2223063,12z/data=!4m2!2m1!6e1?hl=en","tourist attractions in indianapolis","Indiana","1739 W Edgewood Ave",,"false","indiana beach IM campgrounds",,"https://www.google.com/maps/place/indiana+beach+IM+campgrounds/@39.6774745,-86.1926966,17z/data=!3m1!4b1!4m5!3m4!1s0x886b59d8201dceab:0x532867370090da23!8m2!3d39.677537!4d-86.1926991?hl=en",
"216 E South St, Indianapolis, IN 46204","Tourist attraction","Art gallery",,,,,,,,,"Art gallery","12273062371317272764","Indianapolis","US","false",,"39.7617511","-86.1537171",,"216 E South St","false","(317) 624-8200","ChIJm-6zn3haa4gRvFCUhDOtUqo","QR6W+PG Indianapolis, Indiana","46204",,"68","22","8","5","3","5","1","2022-10-18T04:02:45.090Z","https://www.google.com/maps/search/tourist+attractions+in+indianapolis/@39.8040514,-86.2223063,12z/data=!4m2!2m1!6e1?hl=en","tourist attractions in indianapolis","Indiana","216 E South St",,"false","CityWay Gallery","3.6","https://www.google.com/maps/place/CityWay+Gallery/@39.7617511,-86.1537171,17z/data=!3m1!4b1!4m5!3m4!1s0x886b5a789fb3ee9b:0xaa52ad33849450bc!8m2!3d39.7617511!4d-86.1537171?hl=en","https://www.cityway.com/artgallery"
"236 S Audubon Rd, Indianapolis, IN 46219","Tourist attraction","Park",,,,,,,,,"Park","3857982274951149050","Indianapolis","US","false",,"39.7663874","-86.0702446",,"236 S Audubon Rd","false","(317) 862-6876","ChIJgwLaZZRPa4gR-nU3SHBOijU","QW8H+HW Indianapolis, Indiana","46219",,"67","185","138","30","2","15","0","2022-10-18T04:02:57.884Z","https://www.google.com/maps/search/tourist+attractions+in+indianapolis/@39.8040514,-86.2223063,12z/data=!4m2!2m1!6e1?hl=en","tourist attractions in indianapolis","Indiana","236 S Audubon Rd",,"false","Irving Circle Park","4.6","https://www.google.com/maps/place/Irving+Circle+Park/@39.7663874,-86.0702446,17z/data=!3m1!4b1!4m5!3m4!1s0x886b4f9465da0283:0x358a4e70483775fa!8m2!3d39.7663874!4d-86.0702446?hl=en","http://funfinder.indy.gov/#/details/127"
"1215 N State Rd 49, Porter, IN 46304","Tourist attraction","National park",,,,,,,,,"National park","3723234417227663118","Porter","US","false","Indiana Dunes National Park Headquarters","41.6505655","-87.07082",,"1215 N State Rd 49","false","(219) 395-1882","ChIJ5UEWi4O-EYgRDgdd1vmVqzM","MW2H+6M Porter, Indiana","46304",,"66","8491","6423","1428","154","395","91","2022-10-18T04:03:10.897Z","https://www.google.com/maps/search/tourist+attractions+in+indianapolis/@39.8040514,-86.2223063,12z/data=!4m2!2m1!6e1?hl=en","tourist attractions in indianapolis","Indiana","1215 N State Rd 49",,"false","Indiana Dunes National Park","4.6","https://www.google.com/maps/place/Indiana+Dunes+National+Park/@41.6505655,-87.07082,17z/data=!3m1!4b1!4m5!3m4!1s0x8811be838b1641e5:0x33ab95f9d65d070e!8m2!3d41.6505655!4d-87.07082?hl=en","https://www.nps.gov/indu/index.htm"
"501 N Meridian St, Indianapolis, IN 46204","Memorial park",,,,,,,,,,"Memorial park","10935723357755415085","Indianapolis","US","false",,"39.7747816","-86.1568947",,"501 N Meridian St","false",,"ChIJo6tKZMBQa4gRLRr0NHR-w5c","QRFV+W6 Indianapolis, Indiana","46204",,"65","72","52","15","0","5","0","2022-10-18T04:03:22.993Z","https://www.google.com/maps/search/tourist+attractions+in+indianapolis/@39.8040514,-86.2223063,12z/data=!4m2!2m1!6e1?hl=en","tourist attractions in indianapolis","Indiana","501 N Meridian St",,"false","Obelisk Square","4.7","https://www.google.com/maps/place/Obelisk+Square/@39.7747816,-86.1568947,17z/data=!3m1!4b1!4m5!3m4!1s0x886b50c0644aaba3:0x97c37e7434f41a2d!8m2!3d39.7747816!4d-86.1568947?hl=en","http://obelisk-square.edan.io/"
"800 Virginia Ave, Indianapolis, IN 46203","Park",,,,,,,,,,"Park","3600269616030992948","Indianapolis","US","false",,"39.7556694","-86.1440895",,"800 Virginia Ave","false",,"ChIJpZUSLnFRa4gRNMooByS69jE","QV44+79 Indianapolis, Indiana","46203",,"64","120","101","12","1","4","2","2022-10-18T04:03:35.173Z","https://www.google.com/maps/search/tourist+attractions+in+indianapolis/@39.8040514,-86.2223063,12z/data=!4m2!2m1!6e1?hl=en","tourist attractions in indianapolis","Indiana","800 Virginia Ave",,"false","Idle Park","4.8","https://www.google.com/maps/place/Idle+Park/@39.7556694,-86.1440895,17z/data=!3m1!4b1!4m5!3m4!1s0x886b51712e1295a5:0x31f6ba240728ca34!8m2!3d39.7556694!4d-86.1440895?hl=en","http://www.idleindy.com/"
"100N N Senate Ave, Indianapolis, IN 46204","Park",,,,,,,,,,"Park","17874611799560067355","Indianapolis","US","false",,"39.7687813","-86.1635697",,"100N N Senate Ave","false",,"ChIJhVt-oydRa4gRG5nIWrpgD_g","QR9P+GH Indianapolis, Indiana","46204",,"63","0","0","0","0","0","0","2022-10-18T04:03:45.664Z","https://www.google.com/maps/search/tourist+attractions+in+indianapolis/@39.8040514,-86.2223063,12z/data=!4m2!2m1!6e1?hl=en","tourist attractions in indianapolis","Indiana","100N N Senate Ave",,"false","Colorful Fountains",,"https://www.google.com/maps/place/Colorful+Fountains/@39.7687813,-86.1635697,17z/data=!3m1!4b1!4m5!3m4!1s0x886b5127a37e5b85:0xf80f60ba5ac8991b!8m2!3d39.7687813!4d-86.1635697?hl=en",
"7001 Corporate Dr, Indianapolis, IN 46278","Tourist attraction",,,,,,,,,,"Tourist attraction","6181033259880274166","Indianapolis","US","false",,"39.8802782","-86.2648131",,"7001 Corporate Dr","false",,"ChIJO76wrdCrbIgR9tgJWABxx1U","VPJP+43 Indianapolis, Indiana","46278",,"62","0","0","0","0","0","0","2022-10-18T04:03:56.157Z","https://www.google.com/maps/search/tourist+attractions+in+indianapolis/@39.8040514,-86.2223063,12z/data=!4m2!2m1!6e1?hl=en","tourist attractions in indianapolis","Indiana","7001 Corporate Dr",,"false","indianapois raceway park",,"https://www.google.com/maps/place/indianapois+raceway+park/@39.8802782,-86.2648131,17z/data=!3m1!4b1!4m5!3m4!1s0x886cabd0adb0be3b:0x55c771005809d8f6!8m2!3d39.880264!4d-86.2649261?hl=en",
"1927 Alabama St, Indianapolis, IN 46202","Tourist attraction","Park",,,,,,,,,"Park","12584006636150142735","Indianapolis","US","false",,"39.7931971","-86.1519731",,"1927 Alabama St","false","(773) 610-2969","ChIJyXdEM-BQa4gRDzfj1lxfo64","QRVX+76 Indianapolis, Indiana","46202",,"61","78","64","12","0","1","1","2022-10-18T04:04:08.805Z","https://www.google.com/maps/search/tourist+attractions+in+indianapolis/@39.8040514,-86.2223063,12z/data=!4m2!2m1!6e1?hl=en","tourist attractions in indianapolis","Indiana","1927 Alabama St",,"false","Herron-Morton Place Park","4.8","https://www.google.com/maps/place/Herron-Morton+Place+Park/@39.7931971,-86.1519731,17z/data=!3m1!4b1!4m5!3m4!1s0x886b50e0334477c9:0xaea35f5cd6e3370f!8m2!3d39.7931971!4d-86.1519731?hl=en","http://herron-morton.com/"
"801 W Washington St, Indianapolis, IN 46204","Park","Amphitheater",,,,,,,,,"Park","15209151584447677173","Indianapolis","US","false","White River State Park","39.7665145","-86.170606",,"801 W Washington St","false","(317) 233-2434","ChIJOZz0C7NQa4gR9cIS1sjCEdM","QR8H+JQ Indianapolis, Indiana","46204",,"60","29","21","6","0","2","0","2022-10-18T04:04:20.474Z","https://www.google.com/maps/search/tourist+attractions+in+indianapolis/@39.8040514,-86.2223063,12z/data=!4m2!2m1!6e1?hl=en","tourist attractions in indianapolis","Indiana","801 W Washington St",,"false","Celebration Plaza Amphitheater","4.7","https://www.google.com/maps/place/Celebration+Plaza+Amphitheater/@39.7665145,-86.170606,17z/data=!3m1!4b1!4m5!3m4!1s0x886b50b30bf49c39:0xd311c2c8d612c2f5!8m2!3d39.7665145!4d-86.170606?hl=en","https://www.whiteriverstatepark.org/"
"Indianapolis Cultural Trail, Indianapolis, IN 46204","Tourist attraction","Memorial park",,,,,,,,,"Memorial park","9881126425389549436","Indianapolis","US","false",,"39.7767924","-86.1581078",,"Indianapolis Cultural Trail","false",,"ChIJwQaaHMFQa4gRfMcRpiHQIIk","QRGR+PQ Indianapolis, Indiana","46204",,"59","5","3","2","0","0","0","2022-10-18T04:04:31.979Z","https://www.google.com/maps/search/tourist+attractions+in+indianapolis/@39.8040514,-86.2223063,12z/data=!4m2!2m1!6e1?hl=en","tourist attractions in indianapolis","Indiana","Indianapolis Cultural Trail",,"false","Glick Peace Walk","4.6","https://www.google.com/maps/place/Glick+Peace+Walk/@39.7767924,-86.1581078,17z/data=!3m1!4b1!4m5!3m4!1s0x886b50c11c9a06c1:0x8920d021a611c77c!8m2!3d39.7767924!4d-86.1581078?hl=en","https://indyculturaltrail.org/alongthetrail/glick-peace-walk/"
"3350 N German Church Rd, Indianapolis, IN 46235","Tourist attraction","Place of worship","Hindu temple",,,,,,,,"Hindu temple","16876956693732490694","Indianapolis","US","false",,"39.8186135","-85.9732786",,"3350 N German Church Rd","false","(317) 891-9199","ChIJ_z-OhHdJa4gRxn2T67H-Nuo","R29G+CM Indianapolis, Indiana","46235",,"58","903","789","96","5","11","2","2022-10-18T04:04:44.300Z","https://www.google.com/maps/search/tourist+attractions+in+indianapolis/@39.8040514,-86.2223063,12z/data=!4m2!2m1!6e1?hl=en","tourist attractions in indianapolis","Indiana","3350 N German Church Rd",,"false","Hindu Temple of Central Indiana","4.8","https://www.google.com/maps/place/Hindu+Temple+of+Central+Indiana/@39.8186135,-85.9732786,17z/data=!3m1!4b1!4m5!3m4!1s0x886b4977848e3fff:0xea36feb1eb937dc6!8m2!3d39.8186135!4d-85.9732786?hl=en","http://www.htci.org/"
"1720 W Wilkins St, Indianapolis, IN 46221","Tourist attraction","Park",,,,,,,,,"Park","6715729269492451245","Indianapolis","US","false",,"39.7540744","-86.1943059",,"1720 W Wilkins St","false","(317) 327-7191","ChIJXcNUi-FZa4gRrYfKazAQM10","QR34+J7 Indianapolis, Indiana","46221",,"57","505","268","116","20","74","27","2022-10-18T04:04:58.188Z","https://www.google.com/maps/search/tourist+attractions+in+indianapolis/@39.8040514,-86.2223063,12z/data=!4m2!2m1!6e1?hl=en","tourist attractions in indianapolis","Indiana","1720 W Wilkins St",,"false","Rhodius Park","4.2","https://www.google.com/maps/place/Rhodius+Park/@39.7540744,-86.1943059,17z/data=!3m1!4b1!4m5!3m4!1s0x886b59e18b54c35d:0x5d3310306bca87ad!8m2!3d39.7540744!4d-86.1943059?hl=en",
"Indiana State Capitol, 200 W Washington St, Indianapolis, IN 46204","Tourist attraction",,,,,,,,,,"Tourist attraction","3794973283651984921","Indianapolis","US","false",,"39.7687106","-86.1628562",,"Indiana State Capitol, 200 W Washington St","false",,"ChIJ06cNYoVRa4gRGZ4sSBh0qjQ","QR9P+FV Indianapolis, Indiana","46204",,"56","1","1","0","0","0","0","2022-10-18T04:05:08.469Z","https://www.google.com/maps/search/tourist+attractions+in+indianapolis/@39.8040514,-86.2223063,12z/data=!4m2!2m1!6e1?hl=en","tourist attractions in indianapolis","Indiana","Indiana State Capitol, 200 W Washington St",,"false","Indiana State Capitol","5","https://www.google.com/maps/place/Indiana+State+Capitol/@39.7687106,-86.1628562,17z/data=!3m1!4b1!4m5!3m4!1s0x886b5185620da7d3:0x34aa7418482c9e19!8m2!3d39.7687106!4d-86.1628562?hl=en",
"1801 IN-46, Nashville, IN 47448","Tourist attraction","State park",,,,,,,,,"State park","12575789189959036604","Nashville","US","false",,"39.1933217","-86.2165859",,"1801 IN-46","false","(812) 988-6406","ChIJAyyJ9BGHa4gRvK60jaMthq4","5QVM+89 Nashville, Indiana","47448",,"55","5439","4632","658","34","97","18","2022-10-18T04:05:22.884Z","https://www.google.com/maps/search/tourist+attractions+in+indianapolis/@39.8040514,-86.2223063,12z/data=!4m2!2m1!6e1?hl=en","tourist attractions in indianapolis","Indiana","1801 IN-46",,"false","Brown County State Park","4.8","https://www.google.com/maps/place/Brown+County+State+Park/@39.1933217,-86.2165859,17z/data=!3m1!4b1!4m5!3m4!1s0x886b8711f4892c03:0xae862da38db4aebc!8m2!3d39.1933217!4d-86.2165859?hl=en","http://on.in.gov/browncountysp"
"2300 Dequincy St, Indianapolis, IN 46218","Tourist attraction","Park",,,,,,,,,"Park","13960564501751102129","Indianapolis","US","false",,"39.8001176","-86.0881254",,"2300 Dequincy St","false","(317) 327-7275","ChIJE48uKC9Oa4gRsXrNtnLjvcE","RW26+2P Indianapolis, Indiana","46218",,"54","182","94","56","5","20","7","2022-10-18T04:05:37.392Z","https://www.google.com/maps/search/tourist+attractions+in+indianapolis/@39.8040514,-86.2223063,12z/data=!4m2!2m1!6e1?hl=en","tourist attractions in indianapolis","Indiana","2300 Dequincy St",,"false","Pogues Run Art and Nature Park","4.2","https://www.google.com/maps/place/Pogues+Run+Art+and+Nature+Park/@39.8001176,-86.0881254,17z/data=!3m1!4b1!4m5!3m4!1s0x886b4e2f282e8f13:0xc1bde372b6cd7ab1!8m2!3d39.8001176!4d-86.0881254?hl=en",
"650 W Washington St, Indianapolis, IN 46204","Memorial park",,,,,,,,,,"Memorial park","13781678280555912730","Indianapolis","US","false","Military Park","39.7693755","-86.1688141",,"650 W Washington St","false","(317) 261-5447","ChIJUZF1yrZQa4gRGl5AsWBbQr8","QR9J+QF Indianapolis, Indiana","46204",,"53","49","35","10","0","2","2","2022-10-18T04:05:55.573Z","https://www.google.com/maps/search/tourist+attractions+in+indianapolis/@39.8040514,-86.2223063,12z/data=!4m2!2m1!6e1?hl=en","tourist attractions in indianapolis","Indiana","650 W Washington St",,"false","Congressional Medal of Honor Memorial","4.6","https://www.google.com/maps/place/Congressional+Medal+of+Honor+Memorial/@39.7693755,-86.1688141,17z/data=!3m1!4b1!4m5!3m4!1s0x886b50b6ca759151:0xbf425b60b1405e1a!8m2!3d39.7693755!4d-86.1688141?hl=en","http://www.indianawarmemorials.org/"
"801 W Washington St, Indianapolis, IN 46204","Tourist attraction","Park",,,,,,,,,"Park","11851890804806673086","Indianapolis","US","false","White River State Park","39.7669551","-86.1707383",,"801 W Washington St","false","(317) 233-2434","ChIJTRP-zbNQa4gRvmI4meRfeqQ","QR8H+QP Indianapolis, Indiana","46204",,"52","20","9","8","2","1","0","2022-10-18T04:06:15.597Z","https://www.google.com/maps/search/tourist+attractions+in+indianapolis/@39.8040514,-86.2223063,12z/data=!4m2!2m1!6e1?hl=en","tourist attractions in indianapolis","Indiana","801 W Washington St",,"false","The Children's Maze","4.1","https://www.google.com/maps/place/The+Children's+Maze/@39.7669551,-86.1707383,17z/data=!3m1!4b1!4m5!3m4!1s0x886b50b3cdfe134d:0xa47a5fe4993862be!8m2!3d39.7669551!4d-86.1707383?hl=en","https://www.whiteriverstatepark.org/"
"Indianapolis, IN 46204","Tourist attraction",,,,,,,,,,"Tourist attraction","786152192274066528","Indianapolis","US","false",,"39.7682618","-86.1634523",,,"false",,"ChIJ7UgtEM1Ra4gRYOzj70D56Ao","QR9P+8J Indianapolis, Indiana","46204",,"51","2","1","1","0","0","0","2022-10-18T04:06:38.895Z","https://www.google.com/maps/search/tourist+attractions+in+indianapolis/@39.8040514,-86.2223063,12z/data=!4m2!2m1!6e1?hl=en","tourist attractions in indianapolis","Indiana",,,"false","Indy Stargate","4.5","https://www.google.com/maps/place/Indy+Stargate/@39.7682618,-86.1634523,17z/data=!3m1!4b1!4m5!3m4!1s0x886b51cd102d48ed:0xae8f940efe3ec60!8m2!3d39.7682618!4d-86.1634523?hl=en",
"111 Monument Cir #250, Indianapolis, IN 46204","Visitor center","Non-profit organization",,,,,,,,,"Visitor center","3521485564415357228","Indianapolis","US","false","Salesforce Tower","39.7697184","-86.1556195",,"111 Monument Cir #250","false","(317) 237-2222","ChIJCdJ1fr5Qa4gRLLGklHbU3jA","QR9V+VQ Indianapolis, Indiana","46204",,"50","267","201","38","7","14","7","2022-10-18T04:07:13.280Z","https://www.google.com/maps/search/tourist+attractions+in+indianapolis/@39.8040514,-86.2223063,12z/data=!4m2!2m1!6e1?hl=en","tourist attractions in indianapolis","Indiana","111 Monument Cir #250",,"false","Downtown Indy, Inc.","4.6","https://www.google.com/maps/place/Downtown+Indy,+Inc./@39.7697184,-86.1556195,17z/data=!3m1!4b1!4m5!3m4!1s0x886b50be7e75d209:0x30ded47694a4b12c!8m2!3d39.7696821!4d-86.1556207?hl=en","http://downtownindy.org/"
"9998 E 121st St, Fishers, IN 46037","Tourist attraction","Amusement center","Car racing track","Children's amusement center","Children's party service","Corporate entertainment service","Event venue","Restaurant","Sports bar","Go-kart track","Go-kart track","10529404562780392539","Fishers","US","false",,"39.966604","-85.9908485",,"9998 E 121st St","false","(317) 348-1176","ChIJu6TgZ0K0FIgRWwznpKn1H5I","X285+JM Fishers, Indiana","46037",,"49","1123","751","222","69","49","32","2022-10-18T04:07:53.681Z","https://www.google.com/maps/search/tourist+attractions+in+indianapolis/@39.8040514,-86.2223063,12z/data=!4m2!2m1!6e1?hl=en","tourist attractions in indianapolis","Indiana","9998 E 121st St",,"false","K1 Speed - Indoor Go Karts, Corporate Event Venue, Team Building Activities","4.4","https://www.google.com/maps/place/K1+Speed+-+Indoor+Go+Karts,+Corporate+Event+Venue,+Team+Building+Activities/@39.966604,-85.9908485,17z/data=!3m1!4b1!4m5!3m4!1s0x8814b44267e0a4bb:0x921ff5a9a4e70c5b!8m2!3d39.966604!4d-85.9908485?hl=en","https://k1speed.com/indianapolis-location.html?utm_campaign=gbl_indy&utm_source=google&utm_medium=directory"
"2360 Doctor M.L.K. Jr St, Indianapolis, IN 46208","Tourist attraction","Park",,,,,,,,,"Park","9049063015840997504","Indianapolis","US","false",,"39.799993","-86.1712861",,"2360 Doctor M.L.K. Jr St","false","(317) 327-7175","ChIJ-Y0LiitRa4gRgOBTcd66lH0","QRXH+XF Indianapolis, Indiana","46208",,"48","320","192","66","9","42","11","2022-10-18T04:08:13.491Z","https://www.google.com/maps/search/tourist+attractions+in+indianapolis/@39.8040514,-86.2223063,12z/data=!4m2!2m1!6e1?hl=en","tourist attractions in indianapolis","Indiana","2360 Doctor M.L.K. Jr St",,"false","Watkins Park","4.3","https://www.google.com/maps/place/Watkins+Park/@39.799993,-86.1712861,17z/data=!3m1!4b1!4m5!3m4!1s0x886b512b8a0b8df9:0x7d94bade7153e080!8m2!3d39.799993!4d-86.1712861?hl=en","http://funfinder.indy.gov/#/details/81"
"176e E South St, Indianapolis, IN 46204","Tourist attraction",,,,,,,,,,"Tourist attraction","3384758150552627933","Indianapolis","US","false",,"39.7619356","-86.1550271",,"176e E South St","false",,"ChIJIYOIpRFRa4gR3SpMzpoT-S4","QR6V+QX Indianapolis, Indiana","46204",,"47","1","1","0","0","0","0","2022-10-18T04:08:35.870Z","https://www.google.com/maps/search/tourist+attractions+in+indianapolis/@39.8040514,-86.2223063,12z/data=!4m2!2m1!6e1?hl=en","tourist attractions in indianapolis","Indiana","176e E South St",,"false","Butterfly Wings","5","https://www.google.com/maps/place/Butterfly+Wings/@39.7619356,-86.1550271,17z/data=!3m1!4b1!4m5!3m4!1s0x886b5111a5888321:0x2ef9139ace4c2add!8m2!3d39.7619356!4d-86.1550271?hl=en",
"8660 East 21st St, Indianapolis, IN 46219","Local history museum","History museum",,,,,,,,,"Local history museum","9498119540875579232","Indianapolis","US","false",,"39.7970621","-86.0147431",,"8660 East 21st St","false","(317) 899-8293","ChIJv68lO9JOa4gRYM8VNGYZ0IM","QXWP+R4 Indianapolis, Indiana","46219",,"46","105","78","21","4","1","1","2022-10-18T04:09:01.803Z","https://www.google.com/maps/search/tourist+attractions+in+indianapolis/@39.8040514,-86.2223063,12z/data=!4m2!2m1!6e1?hl=en","tourist attractions in indianapolis","Indiana","8660 East 21st St",,"false","Indiana State Police Museum","4.6","https://www.google.com/maps/place/Indiana+State+Police+Museum/@39.7970621,-86.0147431,17z/data=!3m1!4b1!4m5!3m4!1s0x886b4ed23b25afbf:0x83d019663415cf60!8m2!3d39.7969782!4d-86.0147414?hl=en","http://www.in.gov/isp/2335.htm"
"450 W Ohio St, Indianapolis, IN 46202","Tourist attraction","Library","Museum","Historical society",,,,,,,"Historical society","72027638507305840","Indianapolis","US","false","IUPUI","39.770259","-86.1658766",,"450 W Ohio St","false","(317) 232-1882","ChIJN5LKQbdQa4gRcPs8b8Hk_wA","QRCM+4J Indianapolis, Indiana","46202",,"45","18","10","7","0","1","0","2022-10-18T04:09:27.095Z","https://www.google.com/maps/search/tourist+attractions+in+indianapolis/@39.8040514,-86.2223063,12z/data=!4m2!2m1!6e1?hl=en","tourist attractions in indianapolis","Indiana","450 W Ohio St",,"false","Eugene and Marilyn Glick Indiana History Center","4.5","https://www.google.com/maps/place/Eugene+and+Marilyn+Glick+Indiana+History+Center/@39.770259,-86.1658766,17z/data=!3m1!4b1!4m5!3m4!1s0x886b50b741ca9237:0xffe4c16f3cfb70!8m2!3d39.770259!4d-86.1658766?hl=en","http://www.indianahistory.org/"
"1901 E Washington St, Indianapolis, IN 46201","Tourist attraction",,,,,,,,,,"Tourist attraction","9754141253171906963","Indianapolis","US","false","Willard Park","39.7668108","-86.1278133",,"1901 E Washington St","false",,"ChIJExz-031Ra4gRk4lLRMqrXYc","QV8C+PV Indianapolis, Indiana","46201",,"44","0","0","0","0","0","0","2022-10-18T04:09:54.413Z","https://www.google.com/maps/search/tourist+attractions+in+indianapolis/@39.8040514,-86.2223063,12z/data=!4m2!2m1!6e1?hl=en","tourist attractions in indianapolis","Indiana","1901 E Washington St",,"false","Dillard D. Park",,"https://www.google.com/maps/place/Dillard+D.+Park/@39.7668108,-86.1278133,17z/data=!3m1!4b1!4m5!3m4!1s0x886b517dd3fe1c13:0x875dabca444b8993!8m2!3d39.7668108!4d-86.1278133?hl=en",
"301 E Washington St, Indianapolis, IN 46204","Tourist attraction","Park",,,,,,,,,"Park","5993955076087590037","Indianapolis","US","false",,"39.766859","-86.1520238",,"301 E Washington St","false","(317) 327-7411","ChIJJ1O_-JZQa4gRlazZZWLOLlM","QR8X+P5 Indianapolis, Indiana","46204",,"43","33","21","6","0","3","3","2022-10-18T04:10:13.287Z","https://www.google.com/maps/search/tourist+attractions+in+indianapolis/@39.8040514,-86.2223063,12z/data=!4m2!2m1!6e1?hl=en","tourist attractions in indianapolis","Indiana","301 E Washington St",,"false","Presidential Place Park","4.4","https://www.google.com/maps/place/Presidential+Place+Park/@39.766859,-86.1520238,17z/data=!3m1!4b1!4m5!3m4!1s0x886b5096f8bf5327:0x532ece6265d9ac95!8m2!3d39.766859!4d-86.1520238?hl=en","http://funfinder.indy.gov/#/details/72"
"White River State Park, 700 W Washington St, Indianapolis, IN 46204","Heritage museum","Conference center","History museum","Sports memorabilia store",,,,,,,"Heritage museum","17443037048814376422","Indianapolis","US","false","White River State Park","39.7680704","-86.1714803",,"White River State Park, 700 W Washington St","false","(317) 916-4255","ChIJqZGMNrJQa4gR5hWPWscdEvI","QR9H+6C Indianapolis, Indiana","46204",,"42","418","250","102","11","44","11","2022-10-18T04:10:39.992Z","https://www.google.com/maps/search/tourist+attractions+in+indianapolis/@39.8040514,-86.2223063,12z/data=!4m2!2m1!6e1?hl=en","tourist attractions in indianapolis","IN","White River State Park, 700 W Washington St",,"false","NCAA Hall of Champions","4.4","https://www.google.com/maps/place/NCAA+Hall+of+Champions/@39.7680704,-86.1714803,17z/data=!3m1!4b1!4m5!3m4!1s0x886b50b2368c91a9:0xf2121dc75a8f15e6!8m2!3d39.7680704!4d-86.1714803?hl=en","http://www.ncaahallofchampions.org/"
"6363 Spring Mill Rd, Indianapolis, IN 46260","Tourist attraction","Park",,,,,,,,,"Park","6254310456919754565","Indianapolis","US","false","Holliday Park","39.8715579","-86.1611732",,"6363 Spring Mill Rd","false","(317) 327-7180","ChIJ17st9ZtTa4gRRYe2SznGy1Y","VRCQ+JG Indianapolis, Indiana","46260",,"41","495","416","66","3","7","3","2022-10-18T04:11:36.208Z","https://www.google.com/maps/search/tourist+attractions+in+indianapolis/@39.8040514,-86.2223063,12z/data=!4m2!2m1!6e1?hl=en","tourist attractions in indianapolis","Indiana","6363 Spring Mill Rd",,"false","Holliday Park Nature Center","4.8","https://www.google.com/maps/place/Holliday+Park+Nature+Center/@39.8715579,-86.1611732,17z/data=!3m1!4b1!4m5!3m4!1s0x886b539bf52dbbd7:0x56cbc6394bb68745!8m2!3d39.8715579!4d-86.1611732?hl=en","https://www.hollidaypark.org/"
"1140 Doctor M.L.K. Jr St, Indianapolis, IN 46202","Tourist attraction","History museum",,,,,,,,,"History museum","4137158388065844531","Indianapolis","US","false",,"39.7829242","-86.169851",,"1140 Doctor M.L.K. Jr St","false","(317) 409-5281","ChIJi5DQRM5Qa4gRMz0xZKIjajk","QRMJ+53 Indianapolis, Indiana","46202",,"40","43","37","4","1","1","0","2022-10-18T04:12:01.080Z","https://www.google.com/maps/search/tourist+attractions+in+indianapolis/@39.8040514,-86.2223063,12z/data=!4m2!2m1!6e1?hl=en","tourist attractions in indianapolis","Indiana","1140 Doctor M.L.K. Jr St",,"false","IPS Crispus Attucks Museum","4.8","https://www.google.com/maps/place/IPS+Crispus+Attucks+Museum/@39.7829242,-86.169851,17z/data=!3m1!4b1!4m5!3m4!1s0x886b50ce44d0908b:0x396a23a264313d33!8m2!3d39.7829242!4d-86.169851?hl=en","https://facebook.com/crispus.attucks.549"
"307 N Meridian St, Indianapolis, IN 46204","Tourist attraction","Park",,,,,,,,,"Park","7297672446739788421","Indianapolis","US","false","University Park","39.7720124","-86.1569877",,"307 N Meridian St","false",,"ChIJq3Xypb9Qa4gRhbIU82yKRmU","QRCV+R6 Indianapolis, Indiana","46204",,"39","97","73","20","0","3","1","2022-10-18T04:12:17.760Z","https://www.google.com/maps/search/tourist+attractions+in+indianapolis/@39.8040514,-86.2223063,12z/data=!4m2!2m1!6e1?hl=en","tourist attractions in indianapolis","Indiana","307 N Meridian St",,"false","Depew Memorial Fountain","4.7","https://www.google.com/maps/place/Depew+Memorial+Fountain/@39.7720124,-86.1569877,17z/data=!3m1!4b1!4m5!3m4!1s0x886b50bfa5f275ab:0x65468a6cf314b285!8m2!3d39.7720124!4d-86.1569877?hl=en","https://wkpd.one/JyzcGU"
"13400 Allisonville Rd, Fishers, IN 46038","Tourist attraction","Education center","Event venue","Gift shop","Hiking area","Historical landmark","Study at home school","Museum","Wedding venue",,"Museum","5276597956420342350","Fishers","US","false",,"39.9845164","-86.0287784",,"13400 Allisonville Rd","false","(317) 776-6000","ChIJaQBzDu-zFIgRTpL8fuI9Okk","XXMC+RF Fishers, Indiana","46038",,"38","1592","1224","250","40","60","18","2022-10-18T04:12:45.266Z","https://www.google.com/maps/search/tourist+attractions+in+indianapolis/@39.8040514,-86.2223063,12z/data=!4m2!2m1!6e1?hl=en","tourist attractions in indianapolis","Indiana","13400 Allisonville Rd",,"false","Conner Prairie","4.6","https://www.google.com/maps/place/Conner+Prairie/@39.9845164,-86.0287784,17z/data=!3m1!4b1!4m5!3m4!1s0x8814b3ef0e730069:0x493a3de27efc924e!8m2!3d39.9845164!4d-86.0287784?hl=en","https://www.connerprairie.org/"
"200 S Meridian St STE 220, Indianapolis, IN 46225","Tourist attraction","Amusement center","Escape room center",,,,,,,,"Escape room center","2086428670847264875","Indianapolis","US","false",,"39.7639469","-86.1584453",,"200 S Meridian St STE 220","false","(317) 986-6542","ChIJW8AJyrxQa4gRa6gKX9J79Bw","QR7R+HJ Indianapolis, Indiana","46225",,"37","1864","1642","154","18","32","18","2022-10-18T04:13:02.106Z","https://www.google.com/maps/search/tourist+attractions+in+indianapolis/@39.8040514,-86.2223063,12z/data=!4m2!2m1!6e1?hl=en","tourist attractions in indianapolis","Indiana","200 S Meridian St STE 220",,"false","The Escape Room Indianapolis","4.8","https://www.google.com/maps/place/The+Escape+Room+Indianapolis/@39.7639469,-86.1584453,17z/data=!3m1!4b1!4m5!3m4!1s0x886b50bcca09c05b:0x1cf47bd25f0aa86b!8m2!3d39.7639469!4d-86.1584453?hl=en","https://escaperoomindy.com/"
"8600 S Meridian St, Indianapolis, IN 46217","Tourist attraction","Park",,,,,,,,,"Park","16866758908457655598","Indianapolis","US","false",,"39.6411532","-86.1607964",,"8600 S Meridian St","false","(317) 885-0283","ChIJaekQFDpca4gRLh3GAt3DEuo","JRRQ+FM Indianapolis, Indiana","46217",,"36","428","289","89","6","37","7","2022-10-18T04:13:22.607Z","https://www.google.com/maps/search/tourist+attractions+in+indianapolis/@39.8040514,-86.2223063,12z/data=!4m2!2m1!6e1?hl=en","tourist attractions in indianapolis","Indiana","8600 S Meridian St",,"false","German Park","4.5","https://www.google.com/maps/place/German+Park/@39.6411532,-86.1607964,17z/data=!3m1!4b1!4m5!3m4!1s0x886b5c3a1410e969:0xea12c3dd02c61d2e!8m2!3d39.6411532!4d-86.1607964?hl=en","http://germanparkindy.org/"
"1702 N Broadway St, Indianapolis, IN 46202","Tourist attraction","Landmark","Park",,,,,,,,"Park","1095015919518976342","Indianapolis","US","false",,"39.7907453","-86.1463543",,"1702 N Broadway St","false","(317) 667-9341","ChIJM8yFEONQa4gRVolTWi1HMg8","QVR3+7F Indianapolis, Indiana","46202",,"35","129","105","12","3","7","2","2022-10-18T04:13:38.765Z","https://www.google.com/maps/search/tourist+attractions+in+indianapolis/@39.8040514,-86.2223063,12z/data=!4m2!2m1!6e1?hl=en","tourist attractions in indianapolis","Indiana","1702 N Broadway St",,"false","Landmark for Peace Memorial","4.7","https://www.google.com/maps/place/Landmark+for+Peace+Memorial/@39.7907453,-86.1463543,17z/data=!3m1!4b1!4m5!3m4!1s0x886b50e31085cc33:0xf32472d5a538956!8m2!3d39.7907453!4d-86.1463543?hl=en","http://funfinder.indy.gov/#/details/45"
"601 W New York St, Indianapolis, IN 46202","Tourist attraction","Festival","Park","Memorial park",,,,,,,"Memorial park","10316182161827797464","Indianapolis","US","false",,"39.77059","-86.1687006",,"601 W New York St","false","(317) 233-2434","ChIJsxBy6rZQa4gR2Jn3yQRxKo8","QRCJ+6G Indianapolis, Indiana","46202",,"34","1592","1135","359","11","83","4","2022-10-18T04:13:54.765Z","https://www.google.com/maps/search/tourist+attractions+in+indianapolis/@39.8040514,-86.2223063,12z/data=!4m2!2m1!6e1?hl=en","tourist attractions in indianapolis","Indiana","601 W New York St",,"false","Military Park","4.6","https://www.google.com/maps/place/Military+Park/@39.77059,-86.1687006,17z/data=!3m1!4b1!4m5!3m4!1s0x886b50b6ea7210b3:0x8f2a7104c9f799d8!8m2!3d39.77059!4d-86.1687006?hl=en","https://www.whiteriverstatepark.org/"
"Garden Rd, Indianapolis, IN 46208","Tourist attraction","Garden",,,,,,,,,"Garden","6746364037291504959","Indianapolis","US","false","Butler University","39.8447615","-86.170417",,"Garden Rd","false","(800) 368-6852","ChIJSYVD9PlTa4gRP_U6IFnmn10","RRVH+WR Indianapolis, Indiana","46208",,"33","200","163","24","0","12","1","2022-10-18T04:14:12.326Z","https://www.google.com/maps/search/tourist+attractions+in+indianapolis/@39.8040514,-86.2223063,12z/data=!4m2!2m1!6e1?hl=en","tourist attractions in indianapolis","Indiana","Garden Rd",,"false","Holcomb Gardens","4.7","https://www.google.com/maps/place/Holcomb+Gardens/@39.8447615,-86.170417,17z/data=!3m1!4b1!4m5!3m4!1s0x886b53f9f4438549:0x5d9fe659203af53f!8m2!3d39.8447615!4d-86.170417?hl=en","https://tclf.org/butler-university-holcomb-gardens"
"2505 Conservatory Dr, Indianapolis, IN 46203","Tourist attraction","Botanical garden",,,,,,,,,"Botanical garden","9708597454921351548","Indianapolis","US","false",,"39.7324501","-86.1413077",,"2505 Conservatory Dr","false","(317) 327-7183","ChIJu5ugY2daa4gRfEHZZ_Ldu4Y","PVJ5+XF Indianapolis, Indiana","46203",,"32","1313","1030","214","11","46","12","2022-10-18T04:14:26.388Z","https://www.google.com/maps/search/tourist+attractions+in+indianapolis/@39.8040514,-86.2223063,12z/data=!4m2!2m1!6e1?hl=en","tourist attractions in indianapolis","Indiana","2505 Conservatory Dr",,"false","Garfield Park Conservatory","4.7","https://www.google.com/maps/place/Garfield+Park+Conservatory/@39.7324501,-86.1413077,17z/data=!3m1!4b1!4m5!3m4!1s0x886b5a6763a09bbb:0x86bbddf267d9417c!8m2!3d39.7324501!4d-86.1413077?hl=en","https://www.garfieldgardensconservatory.org/"
"1850 W 38th St, Indianapolis, IN 46228","Tourist attraction","Park",,,,,,,,,"Park","2152968034357431229","Indianapolis","US","false",,"39.825996","-86.1894275",,"1850 W 38th St","false","(317) 923-1331","ChIJ8fddO7tWa4gRvUulNAXh4B0","RRG6+96 Indianapolis, Indiana","46228",,"31","1428","1156","210","11","41","10","2022-10-18T04:14:42.387Z","https://www.google.com/maps/search/tourist+attractions+in+indianapolis/@39.8040514,-86.2223063,12z/data=!4m2!2m1!6e1?hl=en","tourist attractions in indianapolis","Indiana","1850 W 38th St",,"false","Virginia B. Fairbanks Art & Nature Park","4.7","https://www.google.com/maps/place/Virginia+B.+Fairbanks+Art+%26+Nature+Park/@39.825996,-86.1894275,17z/data=!3m1!4b1!4m5!3m4!1s0x886b56bb3b5df7f1:0x1de0e10534a54bbd!8m2!3d39.825996!4d-86.1894275?hl=en","https://discovernewfields.org/do-and-see/places-to-go/virginia-b-fairbanks-art-nature-park-100-acres"
"1100 E New York St, Indianapolis, IN 46202","Tourist attraction","Park",,,,,,,,,"Park","3262682430535169995","Indianapolis","US","false",,"39.7708465","-86.1380158",,"1100 E New York St","false","(317) 327-7163","ChIJ7x1PCotQa4gRy_f0VmJgRy0","QVC6+8Q Indianapolis, Indiana","46202",,"30","249","164","67","6","10","2","2022-10-18T04:14:55.391Z","https://www.google.com/maps/search/tourist+attractions+in+indianapolis/@39.8040514,-86.2223063,12z/data=!4m2!2m1!6e1?hl=en","tourist attractions in indianapolis","Indiana","1100 E New York St",,"false","Highland Park","4.5","https://www.google.com/maps/place/Highland+Park/@39.7708465,-86.1380158,17z/data=!3m1!4b1!4m5!3m4!1s0x886b508b0a4f1def:0x2d47606256f4f7cb!8m2!3d39.7708465!4d-86.1380158?hl=en","http://funfinder.indy.gov/#/details/9"
"4790 W 16th St, Indianapolis, IN 46222","Tourist attraction","Sports complex","Car racing track",,,,,,,,"Car racing track","1483409794189434512","Indianapolis","US","false",,"39.7953542","-86.2353006",,"4790 W 16th St","false","(317) 492-8500","ChIJnwJZWLZXa4gRkB7_LlkhlhQ","QQW7+4V Indianapolis, Indiana","46222",,"29","12303","10404","1407","144","273","75","2022-10-18T04:15:11.068Z","https://www.google.com/maps/search/tourist+attractions+in+indianapolis/@39.8040514,-86.2223063,12z/data=!4m2!2m1!6e1?hl=en","tourist attractions in indianapolis","Indiana","4790 W 16th St",,"false","Indianapolis Motor Speedway","4.8","https://www.google.com/maps/place/Indianapolis+Motor+Speedway/@39.7953542,-86.2353006,17z/data=!3m1!4b1!4m5!3m4!1s0x886b57b65859029f:0x149621592eff1e90!8m2!3d39.7953542!4d-86.2353006?hl=en","https://www.indianapolismotorspeedway.com/"
"6000 N Post Rd, Indianapolis, IN 46216","Tourist attraction","Park","State park",,,,,,,,"State park","77431062051105701","Indianapolis","US","false",,"39.8683896","-86.019344",,"6000 N Post Rd","false","(317) 591-0904","ChIJs8q1OHxMa4gRpSsjBCQXEwE","VX9J+97 Indianapolis, Indiana","46216","$$","28","4455","3417","801","49","155","33","2022-10-18T04:15:26.372Z","https://www.google.com/maps/search/tourist+attractions+in+indianapolis/@39.8040514,-86.2223063,12z/data=!4m2!2m1!6e1?hl=en","tourist attractions in indianapolis","Indiana","6000 N Post Rd",,"false","Fort Harrison State Park","4.7","https://www.google.com/maps/place/Fort+Harrison+State+Park/@39.8683896,-86.019344,17z/data=!3m1!4b1!4m5!3m4!1s0x886b4c7c38b5cab3:0x113172404232ba5!8m2!3d39.8683896!4d-86.019344?hl=en","http://on.in.gov/fortharrisonsp"
"132 W Walnut St, Indianapolis, IN 46204","Association or organization","Tourist attraction",,,,,,,,,"Association or organization","2157317029156344968","Indianapolis","US","false",,"39.7771623","-86.1609596",,"132 W Walnut St","false","(317) 653-1948","ChIJMWfq3MZQa4gRiNTDdmhU8B0","QRGQ+VJ Indianapolis, Indiana","46204",,"27","40","32","8","0","0","0","2022-10-18T04:15:38.979Z","https://www.google.com/maps/search/tourist+attractions+in+indianapolis/@39.8040514,-86.2223063,12z/data=!4m2!2m1!6e1?hl=en","tourist attractions in indianapolis","Indiana","132 W Walnut St",,"false","The Indianapolis Cultural Trail","4.8","https://www.google.com/maps/place/The+Indianapolis+Cultural+Trail/@39.7771623,-86.1609596,17z/data=!3m1!4b1!4m5!3m4!1s0x886b50c6dcea6731:0x1df0546876c3d488!8m2!3d39.7770607!4d-86.1609693?hl=en","http://indyculturaltrail.org/"
"543 Indiana Ave, Indianapolis, IN 46202","Tourist attraction","Art gallery","Gift shop","Library","Public library","Heritage museum",,,,,"Heritage museum","32134460683762205","Indianapolis","US","false",,"39.775508","-86.16627",,"543 Indiana Ave","false","(317) 423-0391","ChIJmyMLQbhQa4gRHboaKh8qcgA","QRGM+6F Indianapolis, Indiana","46202",,"26","94","82","6","1","4","1","2022-10-18T04:15:56.610Z","https://www.google.com/maps/search/tourist+attractions+in+indianapolis/@39.8040514,-86.2223063,12z/data=!4m2!2m1!6e1?hl=en","tourist attractions in indianapolis","Indiana","543 Indiana Ave",,"false","Kurt Vonnegut Museum & Library","4.8","https://www.google.com/maps/place/Kurt+Vonnegut+Museum+%26+Library/@39.775508,-86.16627,17z/data=!3m1!4b1!4m5!3m4!1s0x886b50b8410b239b:0x722a1f2a1aba1d!8m2!3d39.775508!4d-86.16627?hl=en","http://www.vonnegutlibrary.org/"
"307 N Meridian St, Indianapolis, IN 46204","Tourist attraction","Park",,,,,,,,,"Park","15143809143934561995","Indianapolis","US","false",,"39.7719785","-86.1570117",,"307 N Meridian St","false",,"ChIJt6nmhBtRa4gRyy6IWi6eKdI","QRCV+Q5 Indianapolis, Indiana","46204",,"25","63","44","13","2","3","1","2022-10-18T04:16:13.475Z","https://www.google.com/maps/search/tourist+attractions+in+indianapolis/@39.8040514,-86.2223063,12z/data=!4m2!2m1!6e1?hl=en","tourist attractions in indianapolis","Indiana","307 N Meridian St",,"false","University Park","4.5","https://www.google.com/maps/place/University+Park/@39.7719785,-86.1570117,17z/data=!3m1!4b1!4m5!3m4!1s0x886b511b84e6a9b7:0xd2299e2e5a882ecb!8m2!3d39.7719785!4d-86.1570117?hl=en",
"421 W Ohio St, Indianapolis, IN 46202","Tourist attraction","Memorial park",,,,,,,,,"Memorial park","4158853881800554028","Indianapolis","US","false",,"39.7699095","-86.1658124",,"421 W Ohio St","false","(317) 232-7615","ChIJI9ycT7dQa4gRLPZ5KZI3tzk","QR9M+XM Indianapolis, Indiana","46202",,"24","326","270","43","3","9","1","2022-10-18T04:16:27.415Z","https://www.google.com/maps/search/tourist+attractions+in+indianapolis/@39.8040514,-86.2223063,12z/data=!4m2!2m1!6e1?hl=en","tourist attractions in indianapolis","Indiana","421 W Ohio St",,"false","9/11 Memorial","4.8","https://www.google.com/maps/place/9%2F11+Memorial/@39.7699095,-86.1658124,17z/data=!3m1!4b1!4m5!3m4!1s0x886b50b74f9cdc23:0x39b737922979f62c!8m2!3d39.7699095!4d-86.1658124?hl=en","http://9-11-memorial.keeq.io/"
"700 N Pennsylvania St, Indianapolis, IN 46204","Tourist attraction","Park",,,,,,,,,"Park","537745554893439366","Indianapolis","US","false",,"39.777298","-86.1567927",,"700 N Pennsylvania St","false","(317) 232-7615","ChIJazfprcFQa4gRhgH4qrt0dgc","QRGV+W7 Indianapolis, Indiana","46204",,"23","521","358","104","16","32","11","2022-10-18T04:16:41.595Z","https://www.google.com/maps/search/tourist+attractions+in+indianapolis/@39.8040514,-86.2223063,12z/data=!4m2!2m1!6e1?hl=en","tourist attractions in indianapolis","Indiana","700 N Pennsylvania St",,"false","American Legion Mall","4.5","https://www.google.com/maps/place/American+Legion+Mall/@39.777298,-86.1567927,17z/data=!3m1!4b1!4m5!3m4!1s0x886b50c1ade9376b:0x77674bbaaf80186!8m2!3d39.777298!4d-86.1567927?hl=en","http://www.in.gov/iwm/2331.htm"
"2345 Pagoda Dr, Indianapolis, IN 46203","Tourist attraction","Park",,,,,,,,,"Park","12486398403518848280","Indianapolis","US","false",,"39.7343138","-86.1484095",,"2345 Pagoda Dr","false","(317) 327-7220","ChIJxeXDEmhaa4gRGN2-NTGZSK0","PVM2+PJ Indianapolis, Indiana","46203",,"22","3100","2146","660","45","205","44","2022-10-18T04:16:57.485Z","https://www.google.com/maps/search/tourist+attractions+in+indianapolis/@39.8040514,-86.2223063,12z/data=!4m2!2m1!6e1?hl=en","tourist attractions in indianapolis","Indiana","2345 Pagoda Dr",,"false","Garfield Park","4.6","https://www.google.com/maps/place/Garfield+Park/@39.7343138,-86.1484095,17z/data=!3m1!4b1!4m5!3m4!1s0x886b5a6812c3e5c5:0xad48993135bedd18!8m2!3d39.7343138!4d-86.1484095?hl=en","http://funfinder.indy.gov/#/details/134"
"450 W Ohio St, Indianapolis, IN 46202","Tourist attraction","History museum","Museum","Non-profit organization","Historical society","Wedding venue",,,,,"Historical society","8374898248499231727","Indianapolis","US","false",,"39.7702346","-86.1655414",,"450 W Ohio St","false","(317) 232-1882","ChIJN5LKQbdQa4gR73vWu5WdOXQ","QRCM+3Q Indianapolis, Indiana","46202",,"21","842","642","161","7","28","4","2022-10-18T04:17:12.267Z","https://www.google.com/maps/search/tourist+attractions+in+indianapolis/@39.8040514,-86.2223063,12z/data=!4m2!2m1!6e1?hl=en","tourist attractions in indianapolis","Indiana","450 W Ohio St",,"false","Indiana Historical Society","4.7","https://www.google.com/maps/place/Indiana+Historical+Society/@39.7702346,-86.1655414,17z/data=!3m1!4b1!4m5!3m4!1s0x886b50b741ca9237:0x74399d95bbd67bef!8m2!3d39.7702346!4d-86.1655414?hl=en","http://www.indianahistory.org/"
"Canal Walk, Indianapolis, IN 46202","Tourist attraction","Monument","Memorial park",,,,,,,,"Memorial park","6643872601427415552","Indianapolis","US","false",,"39.7770718","-86.164702",,"Canal Walk","false",,"ChIJ9dZRKcZQa4gRABIIJe7GM1w","QRGP+R4 Indianapolis, Indiana","46202",,"20","388","304","60","8","12","4","2022-10-18T04:17:26.568Z","https://www.google.com/maps/search/tourist%20attractions%20in%20indianapolis?hl=en","tourist attractions in indianapolis","Indiana","Canal Walk",,"false","USS Indianapolis National Memorial","4.7","https://www.google.com/maps/place/USS+Indianapolis+National+Memorial/@39.7770718,-86.164702,17z/data=!3m1!4b1!4m5!3m4!1s0x886b50c62951d6f5:0x5c33c6ee25081200!8m2!3d39.7770718!4d-86.164702?hl=en",
"Canal Walk, Indianapolis, IN 46204","Tourist attraction","Park",,,,,,,,,"Park","5902101752644429397","Indianapolis","US","false",,"39.7693459","-86.1662996",,"Canal Walk","false",,"ChIJ9zn6BQFRa4gRVeaU-kV66FE","QR9M+PF Indianapolis, Indiana","46204",,"19","36","27","7","1","1","0","2022-10-18T04:17:39.201Z","https://www.google.com/maps/search/tourist%20attractions%20in%20indianapolis?hl=en","tourist attractions in indianapolis","Indiana","Canal Walk",,"false","Central Canal","4.6","https://www.google.com/maps/place/Central+Canal/@39.7693459,-86.1662996,17z/data=!3m1!4b1!4m5!3m4!1s0x886b510105fa39f7:0x51e87a45fa94e655!8m2!3d39.7693459!4d-86.1662996?hl=en",
"Indianapolis, IN 46204","Tourist attraction",,,,,,,,,,"Tourist attraction","17197622835478465806","Indianapolis","US","false",,"39.7674579","-86.1704647",,,"false",,"ChIJM5c6vLNQa4gRDg3XGdo6qu4","QR8H+XR Indianapolis, Indiana","46204",,"18","197","158","33","0","5","1","2022-10-18T04:17:51.971Z","https://www.google.com/maps/search/tourist%20attractions%20in%20indianapolis?hl=en","tourist attractions in indianapolis","Indiana",,,"false","Central Canal","4.8","https://www.google.com/maps/place/Central+Canal/@39.7674579,-86.1704647,17z/data=!3m1!4b1!4m5!3m4!1s0x886b50b3bc3a9733:0xeeaa3ada19d70d0e!8m2!3d39.7674579!4d-86.1704647?hl=en",
"Canal Walk, Indianapolis, IN 46202","Tourist attraction","Park",,,,,,,,,"Park","17427765122216189111","Indianapolis","US","false",,"39.7752036","-86.165168",,"Canal Walk","false","(317) 237-2222","ChIJmxDLC8hQa4gRt1yj2grc2_E","QRGM+3W Indianapolis, Indiana","46202",,"17","2288","1839","354","11","70","14","2022-10-18T04:18:05.883Z","https://www.google.com/maps/search/tourist%20attractions%20in%20indianapolis?hl=en","tourist attractions in indianapolis","Indiana","Canal Walk",,"false","Indianapolis Canal Walk","4.7","https://www.google.com/maps/place/Indianapolis+Canal+Walk/@39.7752036,-86.165168,17z/data=!3m1!4b1!4m5!3m4!1s0x886b50c80bcb109b:0xf1dbdc0adaa35cb7!8m2!3d39.7752036!4d-86.165168?hl=en","https://www.whiteriverstatepark.org/"
"3270 Kirkbride Way, Indianapolis, IN 46222","Tourist attraction","History museum","Museum",,,,,,,,"Museum","4003119055157690440","Indianapolis","US","false",,"39.7698762","-86.2132931",,"3270 Kirkbride Way","false","(317) 635-7329","ChIJVzj0l3NXa4gRSIBFPJLvjTc","QQ9P+XM Indianapolis, Indiana","46222",,"15","395","312","56","7","14","6","2022-10-18T04:19:18.677Z","https://www.google.com/maps/search/tourist%20attractions%20in%20indianapolis?hl=en","tourist attractions in indianapolis","Indiana","3270 Kirkbride Way",,"false","Indiana Medical History Museum","4.7","https://www.google.com/maps/place/Indiana+Medical+History+Museum/@39.7698762,-86.2132931,17z/data=!3m1!4b1!4m5!3m4!1s0x886b577397f43857:0x378def923c458048!8m2!3d39.7698762!4d-86.2132931?hl=en","http://www.imhm.org/"
"222 E Market St, Indianapolis, IN 46204","Tourist attraction","Ruin",,,,,,,,,"Ruin","15399248597646199791","Indianapolis","US","false","Floor 1 · Indianapolis City Market","39.7687329","-86.1534198",,"222 E Market St","false","(317) 639-4534","ChIJf81M3pVQa4gR70uixgIftdU","QR9W+FJ Indianapolis, Indiana","46204",,"14","79","41","11","11","12","4","2022-10-18T04:19:31.363Z","https://www.google.com/maps/search/tourist%20attractions%20in%20indianapolis?hl=en","tourist attractions in indianapolis","Indiana","222 E Market St",,"false","Catacombs","3.8","https://www.google.com/maps/place/Catacombs/@39.7687329,-86.1534198,17z/data=!3m1!4b1!4m5!3m4!1s0x886b5095de4ccd7f:0xd5b51f02c6a24bef!8m2!3d39.7687329!4d-86.1534198?hl=en","https://www.indianalandmarks.org/tours-events/ongoing-tours-events/city-market-catacombs-tour/"
"4000 N Michigan Rd, Indianapolis, IN 46208","Tourist attraction","Museum",,,,,,,,,"Museum","11688988851448812188","Indianapolis","US","false","Virginia B. Fairbanks Art & Nature Park","39.8283758","-86.1854796",,"4000 N Michigan Rd","false","(317) 923-1331","ChIJT3ClfaVWa4gRnJIb8m2hN6I","RRH7+9R Indianapolis, Indiana","46208",,"13","534","446","69","3","12","4","2022-10-18T04:19:44.463Z","https://www.google.com/maps/search/tourist%20attractions%20in%20indianapolis?hl=en","tourist attractions in indianapolis","Indiana","4000 N Michigan Rd",,"false","Oldfields–Lilly House & Gardens","4.8","https://www.google.com/maps/place/Oldfields%E2%80%93Lilly+House+%26+Gardens/@39.8283758,-86.1854796,17z/data=!3m1!4b1!4m5!3m4!1s0x886b56a57da5704f:0xa237a16df21b929c!8m2!3d39.8283758!4d-86.1854796?hl=en","http://www.imamuseum.org/visit/oldfields-lilly-house-gardens/lilly-house"
"4000 N Michigan Rd, Indianapolis, IN 46208","Park","Art museum",,,,,,,,,"Art museum","15610599537941387498","Indianapolis","US","false","Floor 1 · Virginia B. Fairbanks Art & Nature Park","39.8259606","-86.1856632",,"4000 N Michigan Rd","false","(317) 923-1331","ChIJvcr7Ua5Wa4gR6pjfPZL9o9g","RRG7+9P Indianapolis, Indiana","46208",,"12","4708","3789","670","70","130","49","2022-10-18T04:19:57.371Z","https://www.google.com/maps/search/tourist%20attractions%20in%20indianapolis?hl=en","tourist attractions in indianapolis","Indiana","4000 N Michigan Rd",,"false","Newfields","4.7","https://www.google.com/maps/place/Newfields/@39.8259606,-86.1856632,17z/data=!3m1!4b1!4m5!3m4!1s0x886b56ae51fbcabd:0xd8a3fd923ddf98ea!8m2!3d39.8259606!4d-86.1856632?hl=en","https://www.discovernewfields.org/"
"1 Monument Cir, Indianapolis, IN 46204","Tourist attraction","Historical landmark","Monument","War memorial",,,,,,,"Monument","5691308126908914665","Indianapolis","US","false",,"39.7685459","-86.1580437",,"1 Monument Cir","false","(317) 232-7615","ChIJkRIaJrxQa4gR6Ruza5aW-04","QR9R+CQ Indianapolis, Indiana","46204",,"11","8029","6367","1263","64","288","47","2022-10-18T04:20:09.380Z","https://www.google.com/maps/search/tourist%20attractions%20in%20indianapolis?hl=en","tourist attractions in indianapolis","Indiana","1 Monument Cir",,"false","Soldiers & Sailors Monument","4.7","https://www.google.com/maps/place/Soldiers+%26+Sailors+Monument/@39.7685459,-86.1580437,17z/data=!3m1!4b1!4m5!3m4!1s0x886b50bc261a1291:0x4efb96966bb31be9!8m2!3d39.7685426!4d-86.1580439?hl=en","http://www.in.gov/iwm"
"4750 W 16th St, Indianapolis, IN 46222","Tourist attraction","Historical place museum","Museum","Heritage museum",,,,,,,"Heritage museum","4961992855932611328","Indianapolis","US","false","Indianapolis Motor Speedway","39.7903146","-86.2336611",,"4750 W 16th St","false","(317) 492-6784","ChIJlz9DX7ZXa4gRAKvjczaK3EQ","QQR8+4G Indianapolis, Indiana","46222",,"10","2998","2486","387","16","95","14","2022-10-18T04:20:22.698Z","https://www.google.com/maps/search/tourist%20attractions%20in%20indianapolis?hl=en","tourist attractions in indianapolis","Indiana","4750 W 16th St",,"false","Indianapolis Motor Speedway Museum","4.8","https://www.google.com/maps/place/Indianapolis+Motor+Speedway+Museum/@39.7903146,-86.2336611,17z/data=!3m1!4b1!4m5!3m4!1s0x886b57b65f433f97:0x44dc8a3673e3ab00!8m2!3d39.7903146!4d-86.2336611?hl=en","https://www.imsmuseum.org/"
"7840 W 56th St, Indianapolis, IN 46254","Tourist attraction","Park","City park",,,,,,,,"City park","7714979412648975633","Indianapolis","US","false",,"39.873789","-86.296203",,"7840 W 56th St","false","(317) 327-7110","ChIJkUx3QKarbIgREd1kbOYcEWs","VPF3+GG Indianapolis, Indiana","46254",,"9","4726","3686","766","61","174","39","2022-10-18T04:20:35.478Z","https://www.google.com/maps/search/tourist%20attractions%20in%20indianapolis?hl=en","tourist attractions in indianapolis","Indiana","7840 W 56th St",,"false","Eagle Creek Park","4.7","https://www.google.com/maps/place/Eagle+Creek+Park/@39.873789,-86.296203,17z/data=!3m1!4b1!4m5!3m4!1s0x886caba640774c91:0x6b111ce66c64dd11!8m2!3d39.873789!4d-86.296203?hl=en","https://www.indy.gov/activity/about-eagle-creek-park"
"1230 N Delaware St, Indianapolis, IN 46202","Tourist attraction","Historical landmark","History museum","Museum","Historical place museum",,,,,,"Historical place museum","5334214935636953911","Indianapolis","US","false",,"39.784072","-86.154487",,"1230 N Delaware St","false","(317) 631-1888","ChIJhY9RB-hQa4gRN0s52jjwBko","QRMW+J6 Indianapolis, Indiana","46202",,"8","398","318","54","7","18","1","2022-10-18T04:20:48.388Z","https://www.google.com/maps/search/tourist%20attractions%20in%20indianapolis?hl=en","tourist attractions in indianapolis","Indiana","1230 N Delaware St",,"false","Benjamin Harrison Presidential Site","4.7","https://www.google.com/maps/place/Benjamin+Harrison+Presidential+Site/@39.784072,-86.154487,17z/data=!3m1!4b1!4m5!3m4!1s0x886b50e807518f85:0x4a06f038da394b37!8m2!3d39.7840704!4d-86.1545781?hl=en","http://www.presidentbenjaminharrison.org/"
"55 E Michigan St, Indianapolis, IN 46204","Tourist attraction","Historical place","Memorial park","Historical landmark",,,,,,,"Historical landmark","11844217630128997680","Indianapolis","US","false",,"39.7733607","-86.1569508",,"55 E Michigan St","false","(317) 232-7615","ChIJqVPwhL9Qa4gRMAVCZi4dX6Q","QRFV+86 Indianapolis, Indiana","46204",,"7","2371","1902","355","21","80","13","2022-10-18T04:21:01.279Z","https://www.google.com/maps/search/tourist%20attractions%20in%20indianapolis?hl=en","tourist attractions in indianapolis","Indiana","55 E Michigan St",,"false","Indiana War Memorial & Museum","4.7","https://www.google.com/maps/place/Indiana+War+Memorial+%26+Museum/@39.7733607,-86.1569508,17z/data=!3m1!4b1!4m5!3m4!1s0x886b50bf84f053a9:0xa45f1d2e66420530!8m2!3d39.7733607!4d-86.1569508?hl=en","https://www.indianawarmemorials.org/"
"Claypool Court Building, 110 W Washington St A, Indianapolis, IN 46204","Tourist attraction","Arts organization","Cultural center","Music store","Museum",,,,,,"Museum","8314424216494202529","Indianapolis","US","false","Claypool Court","39.767311","-86.1600743",,"Claypool Court Building, 110 W Washington St A","false","(317) 275-9030","ChIJE4gJjrtQa4gRod4K8MXEYnM","QR8Q+WX Indianapolis, Indiana","46204",,"6","284","218","49","1","15","1","2022-10-18T04:21:13.760Z","https://www.google.com/maps/search/tourist%20attractions%20in%20indianapolis?hl=en","tourist attractions in indianapolis","IN","Claypool Court Building, 110 W Washington St A",,"false","Rhythm! Discovery Center","4.7","https://www.google.com/maps/place/Rhythm!+Discovery+Center/@39.767311,-86.1600743,17z/data=!3m1!4b1!4m5!3m4!1s0x886b50bb8e098813:0x7362c4c5f00adea1!8m2!3d39.767311!4d-86.1600743?hl=en","http://rhythmdiscoverycenter.org/"
"650 W Washington St, Indianapolis, IN 46204","Tourist attraction","Event venue","Gift shop","Heritage museum","History museum","Natural history museum","Museum","Wedding venue",,,"Museum","7748474600253887888","Indianapolis","US","false","Floor 1 · White River State Park","39.7683919","-86.1695013",,"650 W Washington St","false","(317) 232-1637","ChIJNzJiEbFQa4gRkBVFg5gciGs","QR9J+95 Indianapolis, Indiana","46204",,"5","3338","2442","694","35","136","31","2022-10-18T04:21:26.580Z","https://www.google.com/maps/search/tourist%20attractions%20in%20indianapolis?hl=en","tourist attractions in indianapolis","Indiana","650 W Washington St",,"false","Indiana State Museum","4.6","https://www.google.com/maps/place/Indiana+State+Museum/@39.7683919,-86.1695013,17z/data=!3m1!4b1!4m5!3m4!1s0x886b50b111623237:0x6b881c9883451590!8m2!3d39.7683919!4d-86.1695013?hl=en","http://www.indianamuseum.org/"
"500 W Washington St, Indianapolis, IN 46204","Tourist attraction","Ethnographic museum","History museum","Museum","Art museum","Wedding venue",,,,,"Art museum","11100458494543654568","Indianapolis","US","false",,"39.7685754","-86.1677915",,"500 W Washington St","false","(317) 636-9378","ChIJR21I4rBQa4gRqO49IzDADJo","QR9J+CV Indianapolis, Indiana","46204",,"4","1658","1196","332","26","86","18","2022-10-18T04:21:39.570Z","https://www.google.com/maps/search/tourist%20attractions%20in%20indianapolis?hl=en","tourist attractions in indianapolis","Indiana","500 W Washington St",,"false","Eiteljorg Museum","4.6","https://www.google.com/maps/place/Eiteljorg+Museum/@39.7685754,-86.1677915,17z/data=!3m1!4b1!4m5!3m4!1s0x886b50b0e2486d47:0x9a0cc030233deea8!8m2!3d39.7685754!4d-86.1677915?hl=en","http://www.eiteljorg.org/"
"3000 N Meridian St, Indianapolis, IN 46208","Tourist attraction","Museum","Children's museum",,,,,,,,"Children's museum","13353259518511313258","Indianapolis","US","false",,"39.8106132","-86.1578917",,"3000 N Meridian St","false","(317) 334-4000","ChIJ85UdlT5Ra4gRanF4kshOULk","RR6R+6R Indianapolis, Indiana","46208",,"3","13120","10605","1752","165","460","138","2022-10-18T04:21:52.774Z","https://www.google.com/maps/search/tourist%20attractions%20in%20indianapolis?hl=en","tourist attractions in indianapolis","Indiana","3000 N Meridian St",,"false","The Children's Museum of Indianapolis","4.7","https://www.google.com/maps/place/The+Children's+Museum+of+Indianapolis/@39.8106132,-86.1578917,17z/data=!3m1!4b1!4m5!3m4!1s0x886b513e951d95f3:0xb9504ec89278716a!8m2!3d39.8106132!4d-86.1578917?hl=en","https://www.childrensmuseum.org/"
"6363 Spring Mill Rd, Indianapolis, IN 46260","Tourist attraction","Park",,,,,,,,,"Park","2840498003600430211","Indianapolis","US","false",,"39.8708933","-86.1634943",,"6363 Spring Mill Rd","false","(317) 327-7180","ChIJAVT68ZtTa4gRg1TPeeJ5ayc","VRCP+9J Indianapolis, Indiana","46260",,"16","3041","2528","421","18","61","13","2022-10-18T04:22:05.407Z","https://www.google.com/maps/search/tourist%20attractions%20in%20indianapolis?hl=en","tourist attractions in indianapolis","Indiana","6363 Spring Mill Rd",,"false","Holliday Park","4.8","https://www.google.com/maps/place/Holliday+Park/@39.8708933,-86.1634943,17z/data=!3m1!4b1!4m5!3m4!1s0x886b539bf1fa5401:0x276b79e279cf5483!8m2!3d39.8708933!4d-86.1634943?hl=en","https://www.hollidaypark.org/"
